,Respondent,Anger,Contempt,Disgust,Fear,Joy,Sadness,Surprise,Engagement,Sentimentality,Confusion,Brow Furrow,Brow Raise,Cheek Raise,Chin Raise,Dimpler,Eye Closure,Eye Widen,Inner Brow Raise,Jaw Drop,Lip Corner Depressor,Lip Press,Lip Pucker,Lip Stretch,Lip Suck,Lid Tighten,Mouth Open,Nose Wrinkle,Smile,Smirk,Upper Lip Raise,Blink,BlinkRate,Grade,Grade Group
0,ID10,0.445064214,0.33824973,0.204478983,0.631999078,4.59838855,0.402804473,0.373909203,22.21411396,1.225090591,0.579385328,1.611695047,0.911298477,3.004089796,1.015758052,10.19247605,0.449545671,1.793926579,1.293066836,2.873503527,1.114193548,0.4830072,0.777503297,1.215789086,5.642257853,0.855743055,32.74614432,0.496844616,9.481584141,0.626990099,2.154031816,0.001504141,2.696976876,80,Above 55
1,ID44,0.653568748,0.680441588,0.041445304,0.583943045,0.082681181,0.696932578,0.698853662,4.004533324,1.582592318,1.651473709,6.373185319,1.737188588,1.44811385,3.735217505,1.050013555,5.825042543,6.337890875,2.509109357,2.95299632,2.986234761,9.364557808,4.818460245,0.095387583,1.847962108,3.635913791,0.360178384,0.827050244,0.650827555,1.280202354,1.671911925,0.001005412,1.695855731,100,Above 55
